year,province,capacity_tons,inbound_ton_km,outbound_ton_km,generated_tons,formal_served_tons,informal_total_tons,informal_micro_tons,informal_medium_tons,formal_share,informal_share,unrecycled_share,scenario
2020,anhui,0.0,0.0,0.0,3541.96400493,0.0,3541.96400493,3541.96400493,0.0,0.0,1.0,0.0,baseline_inprov
2020,beijing,0.0,0.0,0.0,6203.252719,0.0,6203.252719,6203.252719,0.0,0.0,1.0,0.0,baseline_inprov
2020,chongqing,0.0,0.0,0.0,1207.28591,0.0,1207.28591,0.0,1207.28591,0.0,1.0,0.0,baseline_inprov
2020,fujian,0.0,0.0,0.0,2804.67637699,0.0,2804.67637699,1869.7842513266664,934.8921256633332,0.0,1.0,0.0,baseline_inprov
2020,gansu,0.0,0.0,0.0,1000.39418954,0.0,1000.39418954,1000.39418954,0.0,0.0,1.0,0.0,baseline_inprov
2020,guangdong,10000.0,1179790.3213177617,1179790.3213177617,21265.66906783,9569.5510805235,11696.1179873065,10320.10410644691,1376.0138808595882,0.45,0.5499999999999999,0.0,baseline_inprov
2020,guangxi,0.0,0.0,0.0,1465.15454671,0.0,1465.15454671,732.577273355,732.577273355,0.0,1.0,0.0,baseline_inprov
2020,guizhou,0.0,0.0,0.0,1018.35338665,0.0,1018.35338665,509.176693325,509.176693325,0.0,1.0,0.0,baseline_inprov
2020,hainan,0.0,0.0,0.0,969.14247012,0.0,969.14247012,969.14247012,0.0,0.0,1.0,0.0,baseline_inprov
2020,hebei,0.0,0.0,0.0,2774.99661491,0.0,2774.99661491,2348.07405877,426.92255614000004,0.0,1.0,0.0,baseline_inprov
2020,heilongjiang,0.0,0.0,0.0,1653.76999551,0.0,1653.76999551,826.884997755,826.884997755,0.0,1.0,0.0,baseline_inprov
2020,henan,2000.0,354725.1749391583,354725.1749391583,5341.7223828999995,2000.0,3341.7223829,1670.86119145,1670.86119145,0.374411071305845,0.625588928694155,0.0,baseline_inprov
2020,hubei,4000.0,514414.9516376514,514414.9516376514,5334.95824309,2400.7312093905,2934.2270336995,2282.176581766278,652.0504519332222,0.45000000000000007,0.55,0.0,baseline_inprov
2020,hunan,0.0,0.0,0.0,4042.12640644,0.0,4042.12640644,2615.4935571082356,1426.6328493317649,0.0,1.0,0.0,baseline_inprov
2020,inner mongolia,0.0,0.0,0.0,1132.47548485,0.0,1132.47548485,1132.47548485,0.0,0.0,1.0,0.0,baseline_inprov
2020,jiangsu,0.0,0.0,0.0,5270.9837417,0.0,5270.9837417,2496.7817723842104,2774.2019693157895,0.0,1.0,0.0,baseline_inprov
2020,jiangxi,50000.0,291063.27129677805,291063.27129677805,2016.4659278,1064.498270472,951.967657328,740.4192890328889,211.5483682951111,0.5279029294749287,0.4720970705250713,0.0,baseline_inprov
2020,jilin,0.0,0.0,0.0,772.0573568899999,0.0,772.0573568899999,772.0573568899999,0.0,0.0,1.0,0.0,baseline_inprov
2020,liaoning,0.0,0.0,0.0,1478.77768848,0.0,1478.77768848,985.85179232,492.92589616,0.0,1.0,0.0,baseline_inprov
2020,ningxia,0.0,0.0,0.0,353.72525915,0.0,353.72525915,0.0,353.72525915,0.0,1.0,0.0,baseline_inprov
2020,qinghai,0.0,0.0,0.0,170.983615017,0.0,170.983615017,34.1967230034,136.7868920136,0.0,1.0,0.0,baseline_inprov
2020,shaanxi,0.0,0.0,0.0,3724.00497001,0.0,3724.00497001,2068.8916500055557,1655.1133200044442,0.0,1.0,0.0,baseline_inprov
2020,shandong,0.0,0.0,0.0,6234.56945676,0.0,6234.56945676,3357.075861332308,2877.4935954276925,0.0,1.0,0.0,baseline_inprov
2020,shanghai,0.0,0.0,0.0,4496.159132,0.0,4496.159132,0.0,4496.159132,0.0,1.0,0.0,baseline_inprov
2020,shanxi,0.0,0.0,0.0,2027.00306542,0.0,2027.00306542,2027.00306542,0.0,0.0,1.0,0.0,baseline_inprov
2020,sichuan,0.0,0.0,0.0,4211.44091638,0.0,4211.44091638,2526.864549828,1684.576366552,0.0,1.0,0.0,baseline_inprov
2020,tianjin,0.0,0.0,0.0,3109.796777,0.0,3109.796777,1554.8983885,1554.8983885,0.0,1.0,0.0,baseline_inprov
2020,tibet,0.0,0.0,0.0,54.75853884,0.0,54.75853884,27.37926942,27.37926942,0.0,1.0,0.0,baseline_inprov
2020,xinjiang,0.0,0.0,0.0,255.42460353,0.0,255.42460353,198.66358052333334,56.76102300666667,0.0,1.0,0.0,baseline_inprov
2020,yunnan,0.0,0.0,0.0,1069.6200047,0.0,1069.6200047,291.7145467363636,777.9054579636364,0.0,1.0,0.0,baseline_inprov
2020,zhejiang,64680.0,602936.1316365966,602936.1316365966,5375.69015324,2662.546810428,2713.143342812,2713.143342812,0.0,0.4952939500843901,0.5047060499156099,0.0,baseline_inprov
2021,anhui,0.0,0.0,0.0,7721.7898626,0.0,7721.7898626,4959.523570287805,2762.266292312195,0.0,1.0,0.0,baseline_inprov
2021,beijing,0.0,0.0,0.0,12728.04205,0.0,12728.04205,6364.021025,6364.021025,0.0,1.0,0.0,baseline_inprov
2021,chongqing,0.0,0.0,0.0,2787.944689,0.0,2787.944689,1742.465430625,1045.479258375,0.0,1.0,0.0,baseline_inprov
2021,fujian,0.0,0.0,0.0,6569.9917191,0.0,6569.9917191,4117.1948106360005,2452.7969084640004,0.0,1.0,0.0,baseline_inprov
2021,gansu,0.0,0.0,0.0,2072.98567505,0.0,2072.98567505,1243.7914050299999,829.19427002,0.0,1.0,0.0,baseline_inprov
2021,guangdong,40000.0,2750352.081907208,2750352.081907208,44217.79550386,22108.897751929995,22108.897751930006,18297.018829183453,3811.878922746553,0.49999999999999994,0.5000000000000001,0.0,baseline_inprov
2021,guangxi,0.0,0.0,0.0,3388.98487406,0.0,3388.98487406,1863.941680733,1525.0431933270002,0.0,1.0,0.0,baseline_inprov
2021,guizhou,0.0,0.0,0.0,2250.49633108,0.0,2250.49633108,1731.1510239076922,519.3453071723077,0.0,1.0,0.0,baseline_inprov
2021,hainan,0.0,0.0,0.0,1939.77837608,0.0,1939.77837608,1620.2854670785882,319.49290900141176,0.0,1.0,0.0,baseline_inprov
2021,hebei,0.0,0.0,0.0,6101.7239358,0.0,6101.7239358,3050.8619679,3050.8619679,0.0,1.0,0.0,baseline_inprov
2021,heilongjiang,0.0,0.0,0.0,3515.19326411,0.0,3515.19326411,3515.19326411,0.0,0.0,1.0,0.0,baseline_inprov
2021,henan,2000.0,275488.0,275488.0,11504.11969685,2000.0,9504.11969685,6766.9332241572,2737.1864726928,0.17385076413518452,0.8261492358648155,0.0,baseline_inprov
2021,hubei,100000.0,1132066.8705872141,1132066.8705872141,10575.48923886,5287.744619429999,5287.744619430001,4326.336506806365,961.4081126236366,0.4999999999999999,0.5000000000000001,0.0,baseline_inprov
2021,hunan,103792.0,445104.1628888868,445104.1628888868,8655.12044965,4327.560224825,4327.560224825001,2373.1781878072584,1954.3820370177423,0.5,0.5000000000000001,0.0,baseline_inprov
2021,inner mongolia,0.0,0.0,0.0,2207.4159044000003,0.0,2207.4159044000003,1188.6085639076923,1018.8073404923078,0.0,1.0,0.0,baseline_inprov
2021,jiangsu,0.0,0.0,0.0,11263.9102387,0.0,11263.9102387,5746.892978928572,5517.017259771428,0.0,1.0,0.0,baseline_inprov
2021,jiangxi,83000.0,698030.7080422217,698030.7080422217,4309.18090122,2536.09654247,1773.0843587500005,1235.7860682196974,537.2982905303032,0.5885333200451133,0.41146667995488684,0.0,baseline_inprov
2021,jilin,0.0,0.0,0.0,1734.70557541,0.0,1734.70557541,1734.70557541,0.0,0.0,1.0,0.0,baseline_inprov
2021,liaoning,0.0,0.0,0.0,2987.95711247,0.0,2987.95711247,1244.9821301958334,1742.974982274167,0.0,1.0,0.0,baseline_inprov
2021,ningxia,0.0,0.0,0.0,681.0888463399999,0.0,681.0888463399999,340.54442316999996,340.54442316999996,0.0,1.0,0.0,baseline_inprov
2021,qinghai,0.0,0.0,0.0,395.47099163,0.0,395.47099163,282.47927973571433,112.99171189428571,0.0,1.0,0.0,baseline_inprov
2021,shaanxi,0.0,0.0,0.0,7796.327468619999,0.0,7796.327468619999,4556.295273868831,3240.032194751169,0.0,1.0,0.0,baseline_inprov
2021,shandong,0.0,0.0,0.0,13008.2852502,0.0,13008.2852502,8443.974636094737,4564.310614105263,0.0,1.0,0.0,baseline_inprov
2021,shanghai,0.0,0.0,0.0,9275.215279,0.0,9275.215279,4637.6076395,4637.6076395,0.0,1.0,0.0,baseline_inprov
2021,shanxi,0.0,0.0,0.0,4165.9873149000005,0.0,4165.9873149000005,3240.212356033334,925.7749588666667,0.0,1.0,0.0,baseline_inprov
2021,sichuan,0.0,0.0,0.0,9385.93801241,0.0,9385.93801241,8045.089724922857,1340.848287487143,0.0,1.0,0.0,baseline_inprov
2021,tianjin,0.0,0.0,0.0,6304.751902,0.0,6304.751902,6304.751902,0.0,0.0,1.0,0.0,baseline_inprov
2021,tibet,0.0,0.0,0.0,119.26214266999999,0.0,119.26214266999999,71.557285602,47.704857067999995,0.0,1.0,0.0,baseline_inprov
2021,xinjiang,0.0,0.0,0.0,654.57860168,0.0,654.57860168,436.3857344533333,218.19286722666666,0.0,1.0,0.0,baseline_inprov
2021,yunnan,0.0,0.0,0.0,2480.86047173,0.0,2480.86047173,1514.2914567702596,966.5690149597403,0.0,1.0,0.0,baseline_inprov
2021,zhejiang,64680.0,1507789.2665775488,1507789.2665775488,12039.78020556,6765.91171798,5273.868487580001,3711.240787556297,1562.627700023704,0.5619630593302264,0.4380369406697736,0.0,baseline_inprov
2022,anhui,31000.0,1116006.0843510288,1116006.0843510288,12298.5903154,6579.745818739,5718.8444966609995,1906.2814988869998,3812.5629977739995,0.535,0.4649999999999999,0.0,baseline_inprov
2022,beijing,0.0,0.0,0.0,20226.57918,0.0,20226.57918,6742.19306,13484.38612,0.0,1.0,0.0,baseline_inprov
2022,chongqing,0.0,0.0,0.0,4897.442553,0.0,4897.442553,1632.4808509999998,3264.9617019999996,0.0,1.0,0.0,baseline_inprov
2022,fujian,12000.0,1461959.265668341,1461959.265668341,11217.0809559,6001.1383114065,5215.9426444935,1738.6475481644998,3477.2950963289995,0.535,0.46499999999999997,0.0,baseline_inprov
2022,gansu,500.0,5000.0,5000.0,3099.3303873199998,500.0,2599.3303873199998,866.4434624399998,1732.8869248799997,0.16132516947712422,0.8386748305228758,0.0,baseline_inprov
2022,guangdong,46000.0,4179956.676775711,4179956.676775711,67382.29488069,36049.52776116915,31332.76711952085,10444.255706506949,20888.511413013897,0.535,0.465,0.0,baseline_inprov
2022,guangxi,0.0,0.0,0.0,5787.01640557,0.0,5787.01640557,2893.508202785,2893.508202785,0.0,1.0,0.0,baseline_inprov
2022,guizhou,34000.0,346328.10782689136,346328.10782689136,3624.43177358,1939.0709988653,1685.3607747146998,561.7869249048999,1123.5738498097999,0.535,0.46499999999999997,0.0,baseline_inprov
2022,hainan,0.0,0.0,0.0,2972.96812947,0.0,2972.96812947,990.9893764899999,1981.9787529799999,0.0,1.0,0.0,baseline_inprov
2022,hebei,0.0,0.0,0.0,9985.5436446,0.0,9985.5436446,3328.5145482,6657.0290964,0.0,1.0,0.0,baseline_inprov
2022,heilongjiang,0.0,0.0,0.0,5275.5257992,0.0,5275.5257992,1758.508599733333,3517.017199466666,0.0,1.0,0.0,baseline_inprov
2022,henan,10000.0,850101.1959192279,850101.1959192279,18275.2200096,9777.242705136001,8497.977304463999,2832.6591014879996,5665.318202975999,0.535,0.4649999999999999,0.0,baseline_inprov
2022,hubei,110000.0,1309830.0034680706,1309830.0034680706,15123.04440566,8090.8287570281,7032.2156486319,2344.0718828772997,4688.143765754599,0.5349999999999999,0.46499999999999997,0.0,baseline_inprov
2022,hunan,108208.0,556753.7991087945,556753.7991087945,13547.4424123,7247.881690580501,6299.560721719499,2099.8535739064996,4199.707147812999,0.535,0.4649999999999999,0.0,baseline_inprov
2022,inner mongolia,0.0,0.0,0.0,3175.37909161,0.0,3175.37909161,1058.4596972033332,2116.9193944066665,0.0,1.0,0.0,baseline_inprov
2022,jiangsu,16000.0,1842684.260240968,1842684.260240968,18120.4878481,9694.4609987335,8426.026849366499,2808.6756164554995,5617.351232910999,0.535,0.4649999999999999,0.0,baseline_inprov
2022,jiangxi,189000.0,395666.0469793554,395666.0469793554,6875.8727057999995,4346.562892342,2616.707887536,872.2359625119999,1744.4719250239998,0.6321470856602024,0.38056374797758113,0.0,baseline_inprov
2022,jilin,0.0,0.0,0.0,2827.24221761,0.0,2827.24221761,942.4140725366666,1884.8281450733332,0.0,1.0,0.0,baseline_inprov
2022,liaoning,0.0,0.0,0.0,4406.0038469,0.0,4406.0038469,1468.6679489666667,2937.3358979333334,0.0,1.0,0.0,baseline_inprov
2022,ningxia,100000.0,20826.17115854901,20826.17115854901,934.630825,500.027491375,434.60333362499995,144.86777787499997,289.73555574999995,0.535,0.46499999999999997,0.0,baseline_inprov
2022,qinghai,0.0,0.0,0.0,664.05834922,0.0,664.05834922,221.3527830733333,442.7055661466666,0.0,1.0,0.0,baseline_inprov
2022,shaanxi,15000.0,3530154.7123741494,3530154.7123741494,11820.41298522,6323.9209470927,5496.4920381273,1832.1640127090998,3664.3280254181996,0.5349999999999999,0.46499999999999997,0.0,baseline_inprov
2022,shandong,0.0,0.0,0.0,20575.2506818,0.0,20575.2506818,6858.416893933333,13716.833787866666,0.0,1.0,0.0,baseline_inprov
2022,shanghai,0.0,0.0,0.0,14981.9194,0.0,14981.9194,4993.973133333333,9987.946266666666,0.0,1.0,0.0,baseline_inprov
2022,shanxi,0.0,0.0,0.0,6848.0276195,0.0,6848.0276195,2282.6758731666664,4565.351746333333,0.0,1.0,0.0,baseline_inprov
2022,sichuan,100000.0,1580230.0493727352,1580230.0493727352,15321.36293587,8196.929170690451,7124.433765179549,2374.8112550598494,4749.622510119699,0.5350000000000001,0.4649999999999999,0.0,baseline_inprov
2022,tianjin,0.0,0.0,0.0,9680.80901,0.0,9680.80901,3226.9363366666666,6453.872673333333,0.0,1.0,0.0,baseline_inprov
2022,tibet,0.0,0.0,0.0,202.12689768599998,0.0,202.12689768599998,67.37563256199999,134.75126512399999,0.0,1.0,0.0,baseline_inprov
2022,xinjiang,0.0,0.0,0.0,1241.75763116,0.0,1241.75763116,413.9192103866667,827.8384207733334,0.0,1.0,0.0,baseline_inprov
2022,yunnan,0.0,0.0,0.0,4194.52831199,0.0,4194.52831199,1398.1761039966664,2796.3522079933327,0.0,1.0,0.0,baseline_inprov
2022,zhejiang,200000.0,729753.2624009908,729753.2624009908,20504.8252913,12591.0278125355,8125.883908144499,2708.6279693814995,5417.255938762999,0.6140519430749675,0.39629130181334604,0.0,baseline_inprov
2023,anhui,78000.0,871688.9367465319,871688.9367465319,16007.7325712,8724.214251304002,7283.5183198959985,5488.528023049591,1794.990296846407,0.5450000000000002,0.4549999999999999,0.0,baseline_inprov
2023,beijing,0.0,0.0,0.0,27600.09425,0.0,27600.09425,19610.593282894737,7989.500967105263,0.0,1.0,0.0,baseline_inprov
2023,chongqing,0.0,0.0,0.0,7607.492127,0.0,7607.492127,5433.922947857143,2173.569179142857,0.0,1.0,0.0,baseline_inprov
2023,fujian,24570.0,1377709.2207957425,1377709.2207957425,15695.6554995,8554.1322472275,7141.523252272499,3827.8564632180596,3313.66678905444,0.545,0.4549999999999999,0.0,baseline_inprov
2023,gansu,56300.0,272825.130798781,272825.130798781,3760.0725863099997,2049.2395595389503,1710.8330267710498,1308.2840792955087,402.5489474755411,0.5450000000000002,0.455,0.0,baseline_inprov
2023,guangdong,169000.0,4024581.108827075,4024581.108827075,86075.84694642,46911.336585798905,39164.5103606211,27974.650257586498,11189.860103034598,0.545,0.45499999999999996,0.0,baseline_inprov
2023,guangxi,10000.0,1219805.2460722043,1219805.2460722043,8437.50246579,4598.438843855551,3839.0636219344497,1919.5318109672248,1919.5318109672248,0.5450000000000002,0.455,0.0,baseline_inprov
2023,guizhou,34000.0,483269.41504192445,483269.41504192445,4878.7315861,2658.9087144245004,2219.8228716754998,1439.2258178994998,780.5970537759999,0.5450000000000002,0.45499999999999996,0.0,baseline_inprov
2023,hainan,0.0,0.0,0.0,4201.8885998900005,0.0,4201.8885998900005,3959.4719498963464,242.4166499936539,0.0,1.0,0.0,baseline_inprov
2023,hebei,0.0,0.0,0.0,14132.836307099999,0.0,14132.836307099999,9059.510453269231,5073.325853830769,0.0,1.0,0.0,baseline_inprov
2023,heilongjiang,0.0,0.0,0.0,6220.07647541,0.0,6220.07647541,4442.91176815,1777.16470726,0.0,1.0,0.0,baseline_inprov
2023,henan,110000.0,1108919.6746224114,1108919.6746224114,24590.0594813,13401.582417308502,11188.477063991499,7585.408178977287,3603.068885014211,0.5450000000000002,0.45499999999999996,0.0,baseline_inprov
2023,hubei,165000.0,1653991.9352469326,1653991.9352469326,18033.732853999998,9828.38440543,8205.34844857,5415.529976056199,2789.8184725138,0.5450000000000002,0.455,0.0,baseline_inprov
2023,hunan,461208.0,552888.7328030413,552888.7328030413,17582.4858365,9582.4547808925,8000.0310556075,5146.5167937347605,2853.5142618727386,0.545,0.455,0.0,baseline_inprov
2023,inner mongolia,0.0,0.0,0.0,3855.51049024,0.0,3855.51049024,2409.6940563999997,1445.81643384,0.0,1.0,0.0,baseline_inprov
2023,jiangsu,16000.0,2445574.786236,2445574.786236,25253.4858392,13763.149782364002,11490.336056835999,7723.01275951272,3767.323297323278,0.5450000000000002,0.45499999999999996,0.0,baseline_inprov
2023,jiangxi,358000.0,556932.6137475208,556932.6137475208,9197.5168288,5923.2957309210005,3424.603511329,2283.0690075526663,1141.5345037763332,0.6440103172601439,0.37234001036079734,0.0,baseline_inprov
2023,jilin,60000.0,783096.2036976439,783096.2036976439,3766.3329415999997,2052.651453172,1713.6814884279997,992.131388037263,721.5501003907367,0.545,0.45499999999999996,0.0,baseline_inprov
2023,liaoning,0.0,0.0,0.0,5463.5451656000005,0.0,5463.5451656000005,2521.6362302769235,2941.908935323077,0.0,1.0,0.0,baseline_inprov
2023,ningxia,100000.0,26786.168033438335,26786.168033438335,1059.0477930299999,577.18104720135,481.8667458286499,385.49339666291996,96.37334916572999,0.545,0.45499999999999996,0.0,baseline_inprov
2023,qinghai,0.0,0.0,0.0,879.38736916,0.0,879.38736916,601.6860946884211,277.7012744715789,0.0,1.0,0.0,baseline_inprov
2023,shaanxi,15000.0,4477474.484247065,4477474.484247065,14756.0885138,8042.068240021,6714.020273779,4091.976853249923,2622.0434205290767,0.545,0.455,0.0,baseline_inprov
2023,shandong,0.0,0.0,0.0,27796.179289,0.0,27796.179289,17896.170227164384,9900.009061835615,0.0,1.0,0.0,baseline_inprov
2023,shanghai,10000.0,100000.0,100000.0,21771.35327,10000.0,11771.35327,2942.8383175,8828.5149525,0.45931917396148153,0.5406808260385184,0.0,baseline_inprov
2023,shanxi,0.0,0.0,0.0,9673.6728143,0.0,9673.6728143,5804.20368858,3869.46912572,0.0,1.0,0.0,baseline_inprov
2023,sichuan,100000.0,2214374.9469831022,2214374.9469831022,21061.2764431,11478.395661489501,9582.8807816105,7125.731863248833,2457.1489183616663,0.545,0.455,0.0,baseline_inprov
2023,tianjin,0.0,0.0,0.0,12797.88555,0.0,12797.88555,4265.96185,8531.9237,0.0,1.0,0.0,baseline_inprov
2023,tibet,0.0,0.0,0.0,288.37829731,0.0,288.37829731,144.189148655,144.189148655,0.0,1.0,0.0,baseline_inprov
2023,xinjiang,0.0,0.0,0.0,1937.33194675,0.0,1937.33194675,1137.7981274563492,799.5338192936508,0.0,1.0,0.0,baseline_inprov
2023,yunnan,10000.0,717289.4325090103,717289.4325090103,6024.09785007,3283.13332828815,2740.9645217818497,2147.3798482749526,593.5846735068974,0.545,0.45499999999999996,0.0,baseline_inprov
2023,zhejiang,200000.0,1129872.4367875701,1129872.4367875701,30012.8314159,19159.6246078955,11316.0266864645,7380.017404215979,3936.0092822485217,0.6383811091460448,0.377039624474403,0.0,baseline_inprov
2024,anhui,158000.0,1134017.5318185324,1134017.5318185324,19093.2745232,12315.162067464002,6778.112455736,5142.016345730758,1636.0961100052414,0.645,0.355,0.0,baseline_inprov
2024,beijing,0.0,0.0,0.0,34807.78727,0.0,34807.78727,26617.719677058823,8190.067592941176,0.0,1.0,0.0,baseline_inprov
2024,chongqing,0.0,0.0,0.0,11739.50484,0.0,11739.50484,7537.997844631579,4201.506995368421,0.0,1.0,0.0,baseline_inprov
2024,fujian,77140.0,2051218.2565276423,2051218.2565276423,20036.1071799,12923.2891310355,7112.818048864499,5482.797245999718,1630.020802864781,0.6450000000000001,0.355,0.0,baseline_inprov
2024,gansu,56300.0,367817.74879469763,367817.74879469763,4131.48249736,2664.8062107972,1466.6762865628,985.7988155586032,480.8774710041967,0.645,0.35500000000000004,0.0,baseline_inprov
2024,guangdong,169000.0,5876602.016469811,5876602.016469811,105058.29503435,67762.60029715575,37295.69473719425,29587.16208634559,7708.53265084866,0.645,0.35500000000000004,0.0,baseline_inprov
2024,guangxi,25300.0,1417847.5404812663,1417847.5404812663,12048.76911719,7771.456080587551,4277.31303660245,2138.656518301225,2138.656518301225,0.645,0.355,0.0,baseline_inprov
2024,guizhou,40000.0,677251.2591033869,677251.2591033869,6251.887109,4032.467185305,2219.419923695,1556.906513636791,662.5134100582088,0.645,0.355,0.0,baseline_inprov
2024,hainan,0.0,0.0,0.0,6304.000054509999,0.0,6304.000054509999,5583.542905423142,720.457149086857,0.0,1.0,0.0,baseline_inprov
2024,hebei,0.0,0.0,0.0,19790.873022,0.0,19790.873022,16871.611925479392,2919.261096520607,0.0,1.0,0.0,baseline_inprov
2024,heilongjiang,0.0,0.0,0.0,6306.05587751,0.0,6306.05587751,4660.997822507391,1645.0580550026086,0.0,1.0,0.0,baseline_inprov
2024,henan,140000.0,1859620.061913673,1859620.061913673,31541.4001425,20344.2030919125,11197.1970505875,9081.765685981392,2115.4313646061073,0.645,0.355,0.0,baseline_inprov
2024,hubei,180000.0,2323998.5129862945,2323998.5129862945,20915.346873,13490.398733085,7424.948139915,5241.139863469412,2183.8082764455885,0.645,0.35500000000000004,0.0,baseline_inprov
2024,hunan,565208.0,742699.8644449438,742699.8644449438,21526.2348623,13884.421486183499,7641.813376116499,5206.510212299153,2435.3031638173456,0.6449999999999999,0.355,0.0,baseline_inprov
2024,inner mongolia,0.0,0.0,0.0,4470.53296118,0.0,4470.53296118,2807.0788360897673,1663.4541250902325,0.0,1.0,0.0,baseline_inprov
2024,jiangsu,16000.0,2309364.5759413484,2309364.5759413484,34402.6656025,16000.0,18402.6656025,11340.388028108857,7062.277574391144,0.46508024072522164,0.5349197592747785,0.0,baseline_inprov
2024,jiangxi,420000.0,626014.1366420027,626014.1366420027,11391.1709679,8613.2509967235,3347.1048696324997,2113.9609702942103,1233.1438993382892,0.7561339410140889,0.29383325727131543,0.0,baseline_inprov
2024,jilin,60000.0,1160024.855142575,1160024.855142575,4550.2543212,2934.914037174,1615.3402840259998,1138.6824952970162,476.6577887289836,0.645,0.355,0.0,baseline_inprov
2024,liaoning,0.0,0.0,0.0,6398.3606592999995,0.0,6398.3606592999995,2214.8171512961535,4183.543508003846,0.0,1.0,0.0,baseline_inprov
2024,ningxia,100000.0,36740.8882495359,36740.8882495359,1182.38497715,762.63831026175,419.74666688825005,251.84800013295,167.89866675530004,0.645,0.35500000000000004,0.0,baseline_inprov
2024,qinghai,0.0,0.0,0.0,1003.23345196,0.0,1003.23345196,694.5462359723077,308.68721598769235,0.0,1.0,0.0,baseline_inprov
2024,shaanxi,15000.0,6172411.3411631165,6172411.3411631165,17256.2255039,11130.265450015499,6125.960053884501,3981.8740350249254,2144.0860188595752,0.6449999999999999,0.35500000000000004,0.0,baseline_inprov
2024,shandong,0.0,0.0,0.0,35930.9829617,0.0,35930.9829617,13893.313411857333,22037.669549842663,0.0,1.0,0.0,baseline_inprov
2024,shanghai,10000.0,100000.0,100000.0,31292.55591,10000.0,21292.55591,12379.392970930232,8913.162939069767,0.3195648201048465,0.6804351798951536,0.0,baseline_inprov
2024,shanxi,0.0,0.0,0.0,12651.3307668,0.0,12651.3307668,5953.567419670588,6697.763347129412,0.0,1.0,0.0,baseline_inprov
2024,sichuan,130000.0,3254118.249534243,3254118.249534243,28062.459725750003,18100.286523108753,9962.17320264125,7803.702342068979,2158.470860572271,0.645,0.355,0.0,baseline_inprov
2024,tianjin,0.0,0.0,0.0,16040.1637,0.0,16040.1637,6683.401541666666,9356.762158333333,0.0,1.0,0.0,baseline_inprov
2024,tibet,0.0,0.0,0.0,352.16127157,0.0,352.16127157,293.46772630833334,58.693545261666664,0.0,1.0,0.0,baseline_inprov
2024,xinjiang,0.0,0.0,0.0,2724.81850443,0.0,2724.81850443,1864.3495030310526,860.4690013989473,0.0,1.0,0.0,baseline_inprov
2024,yunnan,10000.0,1220484.4123827033,1220484.4123827033,8562.03584083,5522.51311733535,3039.52272349465,2642.523837160655,396.99888633399513,0.645,0.35500000000000004,0.0,baseline_inprov
2024,zhejiang,200000.0,1974078.4553489794,1974078.4553489794,42288.5329095,32714.3820493275,12019.268245572499,8696.868893137826,3322.3993524346747,0.7735993613053034,0.2842205065683989,0.0,baseline_inprov
2025,anhui,360000.0,359847.5779434351,359847.5779434351,23419.9591648,12178.378765696001,11241.580399104,8528.095475182345,2713.484923921655,0.5200000000000001,0.48,0.0,baseline_inprov
2025,beijing,0.0,0.0,0.0,42749.86074,0.0,42749.86074,32691.069977647054,10058.79076235294,0.0,1.0,0.0,baseline_inprov
2025,chongqing,80000.0,94826.298372,94826.298372,18235.82661,9482.6298372,8753.1967728,5620.473717271579,3132.723055528421,0.52,0.48,0.0,baseline_inprov
2025,fujian,97140.0,1753981.7982555467,1753981.7982555467,25335.4864305,13174.452943860002,12161.033486639999,9374.129979285,2786.903507355,0.52,0.4799999999999999,0.0,baseline_inprov
2025,gansu,56300.0,342838.82900626847,342838.82900626847,4690.72355894,2439.1762506488,2251.5473082912,1513.335076064577,738.2122322266229,0.52,0.48,0.0,baseline_inprov
2025,guangdong,700000.0,4527044.3903076835,4527044.3903076835,134715.74411600002,70052.18694032,64663.55717568,51298.445054262855,13365.112121417142,0.5199999999999999,0.4799999999999999,0.0,baseline_inprov
2025,guangxi,141600.0,1650770.877123704,1650770.877123704,18068.143563,9395.434652760001,8672.70891024,4336.35445512,4336.35445512,0.52,0.48,0.0,baseline_inprov
2025,guizhou,40000.0,748741.2497568991,748741.2497568991,8557.0261436,4449.6535946720005,4107.372548928,2881.2911910390444,1226.081357888955,0.52,0.4799999999999999,0.0,baseline_inprov
2025,hainan,0.0,0.0,0.0,10033.80791125,0.0,10033.80791125,8887.087007107142,1146.720904142857,0.0,1.0,0.0,baseline_inprov
2025,hebei,60000.0,3627972.410027075,3627972.410027075,29539.9546074,19813.234405848,10069.216971552,8583.95286294997,1485.26410860203,0.6707266368271475,0.3408677198518639,0.0,baseline_inprov
2025,heilongjiang,0.0,0.0,0.0,6215.50955575,0.0,6215.50955575,4594.072280336956,1621.4372754130434,0.0,1.0,0.0,baseline_inprov
2025,henan,140000.0,2066978.1254715694,2066978.1254715694,42108.1542857,21896.240228564002,20211.914057136,16393.37654797024,3818.537509165759,0.52,0.48,0.0,baseline_inprov
2025,hubei,320000.0,615477.6867220406,615477.6867220406,26452.2737215,13755.18233518,12697.09138632,8962.652743284707,3734.4386430352943,0.5199999999999999,0.48,0.0,baseline_inprov
2025,hunan,847208.0,357247.30759725044,357247.30759725044,27378.4885813,14236.814062276,13141.674519024,8953.668353620747,4188.006165403252,0.52,0.48,0.0,baseline_inprov
2025,inner mongolia,25000.0,1065908.4641262821,1065908.4641262821,5567.04469167,2894.8632396684,2672.1814520016,1677.881376838214,994.300075163386,0.52,0.48,0.0,baseline_inprov
2025,jiangsu,34000.0,2678520.202444898,2678520.202444898,49432.201251,25704.744650520002,23727.45660048,14621.71679808177,9105.73980239823,0.52,0.48000000000000004,0.0,baseline_inprov
2025,jiangxi,746000.0,633150.2028471322,633150.2028471322,14277.7943616,8595.55612396,5772.323088096,3645.677739850105,2126.6453482458946,0.6020226868568489,0.4042867505936779,0.0,baseline_inprov
2025,jilin,60000.0,1183248.8895697265,1183248.8895697265,5623.2017845,2924.06492794,2699.13685656,1902.6702431488525,796.4666134111476,0.52,0.48,0.0,baseline_inprov
2025,liaoning,0.0,0.0,0.0,8006.2119159,0.0,8006.2119159,2771.3810478115383,5234.830868088462,0.0,1.0,0.0,baseline_inprov
2025,ningxia,100000.0,35844.13215042988,35844.13215042988,1560.50748022,811.4638897144,749.0435905055999,449.42615430335997,299.61743620223996,0.52,0.48,0.0,baseline_inprov
2025,qinghai,0.0,0.0,0.0,1194.65371562,0.0,1194.65371562,827.0679569676922,367.5857586523077,0.0,1.0,0.0,baseline_inprov
2025,shaanxi,15000.0,6090859.626828882,6090859.626828882,21240.3674256,11044.991061312001,10195.376364288,6626.994636787201,3568.3817275008,0.52,0.48,0.0,baseline_inprov
2025,shandong,140000.0,4753198.796297416,4753198.796297416,48356.3508511,29221.126602252003,19448.749184207998,7520.183017893759,11928.566166314238,0.6042872567500053,0.4021963783846105,0.0,baseline_inprov
2025,shanghai,10000.0,100000.0,100000.0,44792.64815,10000.0,34792.64815,20228.283808139535,14564.364341860466,0.22325092203774963,0.7767490779622503,0.0,baseline_inprov
2025,shanxi,140000.0,1558166.1206193739,1558166.1206193739,16669.054849699998,10128.940783364,6652.501163376,3130.5887827651763,3521.912380610823,0.6076493763259946,0.39909288339138965,0.0,baseline_inprov
2025,sichuan,330000.0,3668690.9605615763,3668690.9605615763,39139.8584187,20352.726377724,18787.132040975997,14716.586765431197,4070.5452755447996,0.52,0.4799999999999999,0.0,baseline_inprov
2025,tianjin,0.0,0.0,0.0,20290.79423,0.0,20290.79423,8454.497595833334,11836.296634166667,0.0,1.0,0.0,baseline_inprov
2025,tibet,0.0,0.0,0.0,398.32314793,0.0,398.32314793,331.93595660833336,66.38719132166666,0.0,1.0,0.0,baseline_inprov
2025,xinjiang,0.0,0.0,0.0,3952.4819846,0.0,3952.4819846,2704.329778936842,1248.152205663158,0.0,1.0,0.0,baseline_inprov
2025,yunnan,10000.0,1504562.5362321918,1504562.5362321918,12764.3603498,6637.467381896001,6126.892967903999,5326.645723116538,800.2472447874612,0.5200000000000001,0.48,0.0,baseline_inprov
2025,zhejiang,200000.0,2440464.385137238,2440464.385137238,61677.576177,39321.42418412,22913.77388304,16579.88516740293,6333.888715637074,0.6375319301017415,0.37150898759839246,0.0,baseline_inprov
2026,anhui,484000.0,596937.5292548836,596937.5292548836,32475.4611233,17049.6170897325,15425.844033567499,11702.364439258103,3723.4795943093964,0.525,0.475,0.0,baseline_inprov
2026,beijing,0.0,0.0,0.0,53533.47515,0.0,53533.47515,40937.36334999999,12596.111799999999,0.0,1.0,0.0,baseline_inprov
2026,chongqing,80000.0,145248.1718625,145248.1718625,27666.31845,14524.81718625,13141.501263749999,8438.227127249998,4703.274136499999,0.525,0.475,0.0,baseline_inprov
2026,fujian,165140.0,2441616.1930125086,2441616.1930125086,33675.260147,17679.511577175,15995.748569824998,12330.056189240104,3665.6923805848955,0.5249999999999999,0.4749999999999999,0.0,baseline_inprov
2026,gansu,56300.0,470667.32736162835,470667.32736162835,6362.48700474,3340.3056774885,3022.1813272514996,2031.3022035624833,990.8791236890162,0.525,0.4749999999999999,0.0,baseline_inprov
2026,guangdong,855000.0,5720512.265671878,5720512.265671878,186772.1771483,98055.39300285751,88716.78414544249,70380.18438285863,18336.599762583857,0.5250000000000001,0.475,0.0,baseline_inprov
2026,guangxi,241600.0,1527235.5072628714,1527235.5072628714,28375.4160663,14897.0934348075,13478.3226314925,6739.16131574625,6739.16131574625,0.525,0.475,0.0,baseline_inprov
2026,guizhou,80000.0,947983.6629302349,947983.6629302349,13658.7005049,7170.8177650725,6487.8827398275,4551.201324953619,1936.6814148738804,0.525,0.475,0.0,baseline_inprov
2026,hainan,0.0,0.0,0.0,16041.87897658,0.0,16041.87897658,14208.52137925657,1833.3575973234285,0.0,1.0,0.0,baseline_inprov
2026,hebei,120000.0,6030540.705937864,6030540.705937864,48312.8287584,32746.57753836,16269.33145244,13869.516834726506,2399.814617713492,0.6778029434400786,0.33674971783992885,0.0,baseline_inprov
2026,heilongjiang,0.0,0.0,0.0,7429.583426130001,0.0,7429.583426130001,5491.431228009131,1938.1521981208696,0.0,1.0,0.0,baseline_inprov
2026,henan,160000.0,2584791.7186918412,2584791.7186918412,61255.6379582,32159.209928055,29096.428030145,23599.382995133896,5497.045035011108,0.525,0.47500000000000003,0.0,baseline_inprov
2026,hubei,430000.0,723839.0466996465,723839.0466996465,37411.5478076,19641.06259899,17770.48520861,12543.871911960001,5226.61329665,0.525,0.475,0.0,baseline_inprov
2026,hunan,901958.0,501486.8198918461,501486.8198918461,37396.592808,19633.2112242,17763.3815838,12102.523716435166,5660.857867364835,0.525,0.47500000000000003,0.0,baseline_inprov
2026,inner mongolia,27000.0,1741127.8029281213,1741127.8029281213,8383.99413386,4401.5969202765,3982.3972135834997,2500.574994575686,1481.8222190078138,0.525,0.475,0.0,baseline_inprov
2026,jiangsu,34000.0,4201185.674878484,4201185.674878484,77117.87874300001,34000.0,43117.878743,26570.79612576015,16547.082617239852,0.44088349620335193,0.559116503796648,0.0,baseline_inprov
2026,jiangxi,826000.0,875901.5018045342,875901.5018045342,20013.362474999998,12076.675267125,8086.178633375,5107.060189499999,2979.1184438749997,0.603430597042889,0.4040389836278624,0.0,baseline_inprov
2026,jilin,60000.0,1764259.7395103707,1764259.7395103707,8199.1109338,4304.533240245,3894.5776935549998,2745.3580462764753,1149.2196472785245,0.525,0.4749999999999999,0.0,baseline_inprov
2026,liaoning,0.0,0.0,0.0,12474.8269494,0.0,12474.8269494,4318.209328638462,8156.617620761538,0.0,1.0,0.0,baseline_inprov
2026,ningxia,100000.0,57061.66961945242,57061.66961945242,2619.3811272000003,1375.1750917800002,1244.2060354199998,746.5236212519999,497.6824141679999,0.525,0.47499999999999987,0.0,baseline_inprov
2026,qinghai,0.0,0.0,0.0,1775.64486599,0.0,1775.64486599,1229.2925995315384,546.3522664584616,0.0,1.0,0.0,baseline_inprov
2026,shaanxi,25000.0,3526777.441671666,3526777.441671666,29118.6318153,15287.2817030325,13831.350112267499,8990.377572973875,4840.972539293624,0.525,0.475,0.0,baseline_inprov
2026,shandong,268000.0,6441262.527690968,6441262.527690968,71472.894291,43752.880694775005,28313.309900225,10947.813161420332,17365.496738804664,0.6121604718655481,0.39614052545498024,0.0,baseline_inprov
2026,shanghai,10000.0,100000.0,100000.0,62409.30516,10000.0,52409.30516,30470.52625581396,21938.77890418605,0.160232516198711,0.839767483801289,0.0,baseline_inprov
2026,shanxi,140000.0,2308276.6653154707,2308276.6653154707,24445.5620413,15051.9583196325,9604.8454595675,4519.9272750905875,5084.918184476912,0.6157337799884779,0.39290753239137716,0.0,baseline_inprov
2026,sichuan,330000.0,5460807.321517383,5460807.321517383,57291.2040497,30077.8821260925,27213.3219236075,21317.10217349254,5896.2197501149585,0.525,0.475,0.0,baseline_inprov
2026,tianjin,0.0,0.0,0.0,26954.1699,0.0,26954.1699,11230.904125000001,15723.265775000002,0.0,1.0,0.0,baseline_inprov
2026,tibet,0.0,0.0,0.0,552.03999748,0.0,552.03999748,460.03333123333334,92.00666624666667,0.0,1.0,0.0,baseline_inprov
2026,xinjiang,0.0,0.0,0.0,7004.34803902,0.0,7004.34803902,4792.448658276842,2211.899380743158,0.0,1.0,0.0,baseline_inprov
2026,yunnan,10000.0,2112854.493974068,2112854.493974068,20076.8684887,10000.0,10076.8684887,8760.706073849387,1316.1624148506123,0.4980856454595181,0.5019143545404818,0.0,baseline_inprov
2026,zhejiang,200000.0,4028973.9697923916,4028973.9697923916,95150.4890601,61912.4344125525,34376.9525195475,24874.38027837177,9502.572241175732,0.6506790981751728,0.3612903397462724,0.0,baseline_inprov
2027,anhui,566500.0,1251908.16519992,1251908.16519992,51623.4711887,26844.205018124,24779.266170576,18798.06399147145,5981.202179104552,0.52,0.48,0.0,baseline_inprov
2027,beijing,0.0,0.0,0.0,70925.10091,0.0,70925.10091,54236.84187235293,16688.259037647058,0.0,1.0,0.0,baseline_inprov
2027,chongqing,280000.0,212906.42755200004,212906.42755200004,40943.54376,21290.642755200002,19652.9010048,12619.231171503157,7033.669833296842,0.52,0.4799999999999999,0.0,baseline_inprov
2027,fujian,385140.0,2661121.858754155,2661121.858754155,48823.287638,25388.10957176,23435.178066239998,18064.616426059998,5370.561640179999,0.52,0.4799999999999999,0.0,baseline_inprov
2027,gansu,56300.0,751421.1273528404,751421.1273528404,10368.16287672,5391.4446958944,4976.7181808256,3345.0073018663866,1631.710878959213,0.52,0.48,0.0,baseline_inprov
2027,guangdong,890000.0,8355528.652435174,8355528.652435174,268859.2113364,139806.78989492802,129052.421441472,102378.97263290027,26673.44880857172,0.52,0.48,0.0,baseline_inprov
2027,guangxi,241600.0,2417005.036917884,2417005.036917884,46231.6353971,24040.450406492,22191.184990608,11095.592495304,11095.592495304,0.52,0.48,0.0,baseline_inprov
2027,guizhou,80000.0,1763166.1222337368,1763166.1222337368,25427.675579,13222.39130108,12205.28427792,8561.915836749851,3643.368441170149,0.52,0.48000000000000004,0.0,baseline_inprov
2027,hainan,0.0,0.0,0.0,25903.14747923,0.0,25903.14747923,22942.787767317997,2960.359711912,0.0,1.0,0.0,baseline_inprov
2027,hebei,120000.0,10587261.912107423,10587261.912107423,85065.734242,58061.260331360005,28068.095335680002,23927.899060568852,4140.19627511115,0.6825458082355924,0.32995771547483776,0.0,baseline_inprov
2027,heilongjiang,0.0,0.0,0.0,12751.41558629,0.0,12751.41558629,9424.959346388261,3326.456239901739,0.0,1.0,0.0,baseline_inprov
2027,henan,160000.0,4540264.1178740645,4540264.1178740645,95841.6875326,49837.677516952004,46004.010015648,37312.69867718681,8691.311338461184,0.52,0.48,0.0,baseline_inprov
2027,hubei,445000.0,1138970.4619665944,1138970.4619665944,57676.4468728,29991.752373856,27684.694498943998,19542.137293372234,8142.557205571765,0.52,0.48,0.0,baseline_inprov
2027,hunan,964958.0,753960.4807139275,753960.4807139275,54121.6690056,28143.267882912,25978.401122688,17699.56999567754,8278.83112701046,0.52,0.48,0.0,baseline_inprov
2027,inner mongolia,27000.0,3305951.0384583077,3305951.0384583077,14987.36048675,7793.42745311,7193.933033639999,4517.120742053023,2676.8122915869762,0.52,0.4799999999999999,0.0,baseline_inprov
2027,jiangsu,94000.0,7910487.436780143,7910487.436780143,127336.920508,66215.19866416001,61121.72184384,37665.415305982584,23456.306537857417,0.5200000000000001,0.48000000000000004,0.0,baseline_inprov
2027,jiangxi,826000.0,1361477.9738682152,1361477.9738682152,32674.5881877,19641.422301748,13237.06099704,8360.249050762104,4876.811946277894,0.6011222601771552,0.405117913682626,0.0,baseline_inprov
2027,jilin,60000.0,3093725.126508029,3093725.126508029,14376.2341134,7475.641738968,6900.592374432,4864.352001648786,2036.240372783213,0.52,0.48,0.0,baseline_inprov
2027,liaoning,0.0,0.0,0.0,24369.2064108,0.0,24369.2064108,8435.494526815384,15933.711883984617,0.0,1.0,0.0,baseline_inprov
2027,ningxia,100000.0,118579.10361126768,118579.10361126768,5146.0658579,2675.954246108,2470.111611792,1482.0669670752,988.0446447168001,0.52,0.48,0.0,baseline_inprov
2027,qinghai,0.0,0.0,0.0,3209.90079522,0.0,3209.90079522,2222.2390120753844,987.6617831446155,0.0,1.0,0.0,baseline_inprov
2027,shaanxi,25000.0,7419161.527617638,7419161.527617638,43603.4422714,22673.789981128,20929.652290272,13604.2739886768,7325.378301595199,0.52,0.4799999999999999,0.0,baseline_inprov
2027,shandong,356000.0,9574571.371847106,9574571.371847106,116478.296821,70836.10092468,46431.994863839995,17953.704680684797,28478.290183155194,0.6081484951101112,0.3986321583598973,0.0,baseline_inprov
2027,shanghai,10000.0,100000.0,100000.0,85670.14811,10000.0,75670.14811,43994.272156976745,31675.875953023256,0.1167267738017688,0.8832732261982312,0.0,baseline_inprov
2027,shanxi,140000.0,4046159.794611328,4046159.794611328,42140.166474,25782.0475172,16655.746722239997,7837.9984575247045,8817.748264715292,0.6118164609792709,0.39524634371144224,0.0,baseline_inprov
2027,sichuan,390000.0,8211977.099364588,8211977.099364588,87532.6213528,45516.963103456,42015.65824934399,32912.26562865279,9103.392620691198,0.52,0.4799999999999999,0.0,baseline_inprov
2027,tianjin,0.0,0.0,0.0,37054.29253,0.0,37054.29253,15439.288554166667,21615.003975833333,0.0,1.0,0.0,baseline_inprov
2027,tibet,0.0,0.0,0.0,1024.82291471,0.0,1024.82291471,854.0190955916668,170.80381911833334,0.0,1.0,0.0,baseline_inprov
2027,xinjiang,0.0,0.0,0.0,14494.78082462,0.0,14494.78082462,9917.481616845263,4577.299207774737,0.0,1.0,0.0,baseline_inprov
2027,yunnan,10000.0,1232775.3232998748,1232775.3232998748,33750.7828588,10000.0,23750.7828588,20648.639791528163,3102.143067271837,0.2962894236212555,0.7037105763787447,0.0,baseline_inprov
2027,zhejiang,200000.0,6869591.113911922,6869591.113911922,151672.2024494,97811.29750568801,55317.962807712,40026.818616962344,15291.14419074966,0.6448861157555831,0.3647205085333079,0.0,baseline_inprov
2028,anhui,785000.0,2447030.2332204576,2447030.2332204576,86776.284438,45123.66790776,41652.61653024,31598.536678113098,10054.079852126897,0.52,0.4799999999999999,0.0,baseline_inprov
2028,beijing,0.0,0.0,0.0,97210.05492,0.0,97210.05492,74337.10082117646,22872.954098823528,0.0,1.0,0.0,baseline_inprov
2028,chongqing,280000.0,308581.26514800003,308581.26514800003,59342.55099,30858.126514800002,28484.4244752,18289.998873549474,10194.425601650526,0.52,0.48,0.0,baseline_inprov
2028,fujian,385140.0,4125471.8637014343,4125471.8637014343,75254.102578,39132.13334056,36121.96923744,27844.01795386,8277.95128358,0.52,0.4799999999999999,0.0,baseline_inprov
2028,gansu,56300.0,1736790.0309107539,1736790.0309107539,18166.73640456,9446.7029303712,8720.0334741888,5861.006105602308,2859.027368586492,0.52,0.48,0.0,baseline_inprov
2028,guangdong,890000.0,12162144.251183333,12162144.251183333,384328.353161,199850.74364372002,184477.60951728,146348.49873559296,38129.11078168706,0.52,0.48000000000000004,0.0,baseline_inprov
2028,guangxi,241600.0,3961090.1002435866,3961090.1002435866,76167.5689243,39607.135840636,36560.433083664,18280.216541832,18280.216541832,0.52,0.48000000000000004,0.0,baseline_inprov
2028,guizhou,80000.0,3418925.2021585666,3418925.2021585666,48641.030558,25293.33589016,23347.694667839998,16378.233572962388,6969.461094877611,0.52,0.48,0.0,baseline_inprov
2028,hainan,0.0,0.0,0.0,42018.3990636,0.0,42018.3990636,37216.29631347428,4802.102750125714,0.0,1.0,0.0,baseline_inprov
2028,hebei,120000.0,18829362.754724964,18829362.754724964,150344.322254,104939.57022328001,47463.25377312,40462.16644866846,7001.08732445154,0.697994900306174,0.3156970151019934,0.0,baseline_inprov
2028,heilongjiang,0.0,0.0,0.0,26272.275451769998,0.0,26272.275451769998,19418.638377395215,6853.637074374782,0.0,1.0,0.0,baseline_inprov
2028,henan,160000.0,8659444.238871163,8659444.238871163,153520.301256,79830.55665312,73689.74460288,59767.90360298737,13921.84099989264,0.52,0.48,0.0,baseline_inprov
2028,hubei,519000.0,2936545.8038043333,2936545.8038043333,93751.4177397,48750.737224644,45000.680515056,31765.186245921886,13235.494269134118,0.52,0.48000000000000004,0.0,baseline_inprov
2028,hunan,964958.0,1212662.0368465835,1212662.0368465835,81598.398719,42431.16733388,39167.23138512,26685.366438213627,12481.864946906373,0.52,0.48,0.0,baseline_inprov
2028,inner mongolia,27000.0,6513500.3221243955,6513500.3221243955,28342.6598705,14738.18313266,13604.47673784,8542.345858643721,5062.130879196278,0.52,0.48,0.0,baseline_inprov
2028,jiangsu,94000.0,16203233.52912549,16203233.52912549,209282.737521,94000.0,115282.737521,71041.3917564834,44241.345764516605,0.4491531461861148,0.5508468538138852,0.0,baseline_inprov
2028,jiangxi,976000.0,2308633.1791386213,2308633.1791386213,57462.6368548,34977.209685912,22877.47628592,14448.932391107366,8428.54389481263,0.6086948250268167,0.3981278538213998,0.0,baseline_inprov
2028,jilin,60000.0,5644002.391883085,5644002.391883085,26001.5060633,13520.783152916,12480.722910383998,8797.886641746098,3682.836268637901,0.52,0.4799999999999999,0.0,baseline_inprov
2028,liaoning,0.0,0.0,0.0,48977.7598443,0.0,48977.7598443,16953.839946103846,32023.919898196156,0.0,1.0,0.0,baseline_inprov
2028,ningxia,100000.0,263368.99348041764,263368.99348041764,10567.2256225,5494.9573237,5072.2682988,3043.36097928,2028.9073195199999,0.52,0.48,0.0,baseline_inprov
2028,qinghai,0.0,0.0,0.0,6158.0828630900005,0.0,6158.0828630900005,4263.2881359853845,1894.7947271046157,0.0,1.0,0.0,baseline_inprov
2028,shaanxi,25000.0,9134817.139078643,9134817.139078643,67677.7877556,25000.0,42677.7877556,27740.56204114,14937.225714459999,0.36939741721878866,0.6306025827812114,0.0,baseline_inprov
2028,shandong,496000.0,16527316.454257105,16527316.454257105,196897.096329,120191.54266236,78075.17309519999,30189.066930143996,47886.10616505599,0.6104282130272207,0.3965278033594886,0.0,baseline_inprov
2028,shanghai,10000.0,100000.0,100000.0,117046.2071,10000.0,107046.2071,62236.16691860466,44810.04018139535,0.08543634388303045,0.9145636561169695,0.0,baseline_inprov
2028,shanxi,140000.0,7666126.119345286,7666126.119345286,77726.18859599999,47799.257401999996,30494.74960416,14350.470401957646,16144.279202202353,0.6149697838710166,0.39233558411906155,0.0,baseline_inprov
2028,sichuan,390000.0,12606251.888444832,12606251.888444832,136382.9972824,70919.158586848,65463.838695551996,51280.0069781824,14183.8317173696,0.52,0.48,0.0,baseline_inprov
2028,tianjin,0.0,0.0,0.0,50542.96562,0.0,50542.96562,21059.569008333336,29483.39661166667,0.0,1.0,0.0,baseline_inprov
2028,tibet,0.0,0.0,0.0,2036.06998235,0.0,2036.06998235,1696.7249852916666,339.3449970583333,0.0,1.0,0.0,baseline_inprov
2028,xinjiang,0.0,0.0,0.0,29453.8639842,0.0,29453.8639842,20152.643778663158,9301.220205536842,0.0,1.0,0.0,baseline_inprov
2028,yunnan,30000.0,4975275.442244007,4975275.442244007,58531.696343100004,30000.0,28531.696343100004,24805.107432980818,3726.5889101191847,0.5125428079881122,0.4874571920118877,0.0,baseline_inprov
2028,zhejiang,200000.0,12421642.331586847,12421642.331586847,238821.031025,153424.3307818,87645.7306008,63418.45547537562,24227.275125424392,0.6424238691346216,0.36699335156804164,0.0,baseline_inprov
2029,anhui,799000.0,4516834.981879688,4516834.981879688,141354.350236,77744.89262980002,63609.4576062,48255.45059780689,15354.007008393104,0.5500000000000002,0.45,0.0,baseline_inprov
2029,beijing,0.0,0.0,0.0,130001.0925,0.0,130001.0925,99412.60014705881,30588.492352941175,0.0,1.0,0.0,baseline_inprov
2029,chongqing,280000.0,456678.76512500003,456678.76512500003,83032.50275,45667.876512500006,37364.62623749999,23992.02316302631,13372.603074473682,0.55,0.4499999999999999,0.0,baseline_inprov
2029,fujian,385140.0,6635669.563624295,6635669.563624295,114216.371361,62819.00424855,51397.367112449996,39618.80381584688,11778.563296603124,0.55,0.44999999999999996,0.0,baseline_inprov
2029,gansu,56300.0,4902505.7462344235,4902505.7462344235,30989.759907,17044.367948850002,13945.391958149998,9373.132299740162,4572.259658409835,0.55,0.44999999999999996,0.0,baseline_inprov
2029,guangdong,900000.0,19909315.98217894,19909315.98217894,532494.783578,292872.13096790004,239622.6526101,190095.78216181183,49526.870448288144,0.55,0.44999999999999996,0.0,baseline_inprov
2029,guangxi,341600.0,6688986.518171936,6688986.518171936,120647.735823,66356.25470265001,54291.48112034999,27145.740560174996,27145.740560174996,0.5500000000000002,0.44999999999999996,0.0,baseline_inprov
2029,guizhou,80000.0,6431411.850406792,6431411.850406792,85611.056764,47086.08122020001,38524.9755438,27024.98284415821,11499.992699641789,0.5500000000000002,0.45,0.0,baseline_inprov
2029,hainan,0.0,0.0,0.0,65529.1114063,0.0,65529.1114063,58040.07010272286,7489.041303577143,0.0,1.0,0.0,baseline_inprov
2029,hebei,120000.0,28135340.54307631,28135340.54307631,248838.432163,170364.125537,87631.42035999999,74705.31063227764,12926.10972772234,0.6846375138121916,0.3521619212847218,0.0,baseline_inprov
2029,heilongjiang,0.0,0.0,0.0,50994.815942299996,0.0,50994.815942299996,37691.8204790913,13302.995463208694,0.0,1.0,0.0,baseline_inprov
2029,henan,210000.0,13079000.94037857,13079000.94037857,238943.453033,131418.89916815,107524.55386485,87210.46876986205,20314.085094987946,0.55,0.44999999999999996,0.0,baseline_inprov
2029,hubei,519000.0,6887065.139787278,6887065.139787278,151131.45767899998,83122.30172345001,68009.15595554998,48006.46302744705,20002.692928102937,0.5500000000000002,0.44999999999999996,0.0,baseline_inprov
2029,hunan,964958.0,2138017.1238836404,2138017.1238836404,124187.84097199999,68303.3125346,55884.5284374,38075.173221085715,17809.355216314285,0.55,0.45,0.0,baseline_inprov
2029,inner mongolia,27000.0,12148620.142024525,12148620.142024525,51403.3651283,27000.0,24403.3651283,15323.04322009535,9080.32190820465,0.52525744049265,0.47474255950734995,0.0,baseline_inprov
2029,jiangsu,94000.0,17710333.982986104,17710333.982986104,324703.726352,94000.0,230703.726352,142167.97896968265,88535.74738231735,0.2894946758267192,0.7105053241732807,0.0,baseline_inprov
2029,jiangxi,976000.0,4058453.1668245113,4058453.1668245113,97861.822342,63649.180536700005,35999.0378505,22736.234431894733,13262.803418605261,0.6503984803620734,0.36785578879466724,0.0,baseline_inprov
2029,jilin,60000.0,9992649.6254078,9992649.6254078,43258.756236,23792.315929800003,19466.4403062,13722.244806009836,5744.195500190163,0.55,0.44999999999999996,0.0,baseline_inprov
2029,liaoning,0.0,0.0,0.0,88697.403856,0.0,88697.403856,30702.947488615384,57994.45636738462,0.0,1.0,0.0,baseline_inprov
2029,ningxia,100000.0,554012.1104005588,554012.1104005588,20298.2427431,11164.033508705,9134.209234394999,5480.525540636999,3653.6836937579997,0.55,0.44999999999999996,0.0,baseline_inprov
2029,qinghai,0.0,0.0,0.0,11442.4986311,0.0,11442.4986311,7921.729821530768,3520.7688095692306,0.0,1.0,0.0,baseline_inprov
2029,shaanxi,25000.0,9102640.000100002,9102640.000100002,103418.8796006,25000.0,78418.8796006,50972.27174039,27446.60786021,0.24173535911962207,0.7582646408803779,0.0,baseline_inprov
2029,shandong,496000.0,37318056.88004422,37318056.88004422,319959.191698,207431.7325949,118246.4004051,45721.941489972,72524.458915128,0.6483068403007114,0.36956713066305424,0.0,baseline_inprov
2029,shanghai,10000.0,100000.0,100000.0,155203.5395,10000.0,145203.5395,84420.6625,60782.87700000001,0.06443152026181721,0.9355684797381828,0.0,baseline_inprov
2029,shanxi,140000.0,14357533.703180522,14357533.703180522,135390.997468,88464.1861994,49472.10901259999,23280.992476517644,26191.116536082347,0.6533978466353255,0.3654017618438246,0.0,baseline_inprov
2029,sichuan,390000.0,19864740.58114227,19864740.58114227,206094.2550657,113351.840286135,92742.41477956499,72648.22491065925,20094.18986890575,0.55,0.44999999999999996,0.0,baseline_inprov
2029,tianjin,0.0,0.0,0.0,66587.04056,0.0,66587.04056,27744.60023333333,38842.44032666666,0.0,1.0,0.0,baseline_inprov
2029,tibet,0.0,0.0,0.0,3770.8709320000003,0.0,3770.8709320000003,3142.3924433333336,628.4784886666666,0.0,1.0,0.0,baseline_inprov
2029,xinjiang,0.0,0.0,0.0,53402.653088,0.0,53402.653088,36538.657376,16863.995712,0.0,1.0,0.0,baseline_inprov
2029,yunnan,30000.0,1539668.7189203566,1539668.7189203566,97302.4813642,30000.0,67302.4813642,58511.95318601877,8790.528178181225,0.30831690599657974,0.6916830940034203,0.0,baseline_inprov
2029,zhejiang,200000.0,27768774.195435766,27768774.195435766,357236.467509,241271.07925195,124109.21046104998,89802.59943929633,34306.611021753655,0.6753819981882773,0.34741472875504587,0.0,baseline_inprov
2030,anhui,799000.0,7707848.14603671,7707848.14603671,213361.700146,129083.82858833,84277.87155767,63934.937043749655,20342.934513920347,0.605,0.3950000000000001,0.0,baseline_inprov
2030,beijing,0.0,0.0,0.0,163224.3203,0.0,163224.3203,124818.59787647058,38405.72242352941,0.0,1.0,0.0,baseline_inprov
2030,chongqing,280000.0,665376.17465,665376.17465,109979.533,66537.61746499999,43441.91553500001,27894.282606684214,15547.632928315792,0.6049999999999999,0.3950000000000001,0.0,baseline_inprov
2030,fujian,385140.0,10322985.002059272,10322985.002059272,161413.9178,97655.420269,63758.497531,49147.17518014584,14611.322350854167,0.605,0.395,0.0,baseline_inprov
2030,gansu,56300.0,10077760.955173593,10077760.955173593,48841.4917577,29549.1025134085,19292.3892442915,12967.015721572974,6325.373522718523,0.605,0.39499999999999996,0.0,baseline_inprov
2030,guangdong,900000.0,31965663.8351345,31965663.8351345,706761.245287,427590.55339863495,279170.691888365,221469.75861052665,57700.93327783836,0.605,0.3950000000000001,0.0,baseline_inprov
2030,guangxi,341600.0,11738690.220316833,11738690.220316833,176551.779971,106813.82688245499,69737.95308854501,34868.976544272504,34868.976544272504,0.6049999999999999,0.395,0.0,baseline_inprov
2030,guizhou,80000.0,12296606.788362551,12296606.788362551,133662.834103,80000.0,53662.834103,37644.07765434329,16018.756448656715,0.5985209017665475,0.4014790982334525,0.0,baseline_inprov
2030,hainan,0.0,0.0,0.0,94642.88063490001,0.0,94642.88063490001,83826.55141948286,10816.329215417143,0.0,1.0,0.0,baseline_inprov
2030,hebei,120000.0,31077722.047606442,31077722.047606442,373926.658416,166180.58165160002,223775.7001476,190767.57084166334,33008.12930593666,0.44442025705137395,0.5984481050255731,0.0,baseline_inprov
2030,heilongjiang,0.0,0.0,0.0,85980.5551082,0.0,85980.5551082,63550.84507997391,22429.710028226087,0.0,1.0,0.0,baseline_inprov
2030,henan,260000.0,23346994.42283284,23346994.42283284,349053.212083,211177.193310215,137876.01877278503,111827.7806984478,26048.238074337238,0.605,0.3950000000000001,0.0,baseline_inprov
2030,hubei,519000.0,14756106.006840989,14756106.006840989,228423.379754,138196.14475117,90227.23500283,63689.81294317412,26537.422059655884,0.6050000000000001,0.395,0.0,baseline_inprov
2030,hunan,964958.0,3920372.3186888397,3920372.3186888397,182922.088178,110667.86334769,72254.22483031,49228.15318109033,23026.07164921967,0.605,0.395,0.0,baseline_inprov
2030,inner mongolia,127000.0,18095801.412408005,18095801.412408005,84855.9006403,51337.8198873815,33518.080752918504,21046.236751832548,12471.844001085954,0.605,0.3950000000000001,0.0,baseline_inprov
2030,jiangsu,94000.0,18539329.99615946,18539329.99615946,464285.583128,94000.0,370285.583128,228183.3667246347,142102.21640336534,0.20246159565563102,0.797538404344369,0.0,baseline_inprov
2030,jiangxi,976000.0,6863666.279691875,6863666.279691875,152758.740529,109864.618535815,48949.612750725006,30915.54489519474,18034.067855530266,0.7192034848896787,0.3204373941629371,0.0,baseline_inprov
2030,jilin,60000.0,16444576.702196041,16444576.702196041,64508.550045,39027.672777225,25480.877267775002,17961.92987728402,7518.947390490984,0.605,0.395,0.0,baseline_inprov
2030,liaoning,0.0,0.0,0.0,140573.541357,0.0,140573.541357,48660.07200819231,91913.4693488077,0.0,1.0,0.0,baseline_inprov
2030,ningxia,100000.0,1040006.5052781386,1040006.5052781386,34391.7337347,20806.9989094935,13584.7348252065,8150.8408951239,5433.8939300826005,0.605,0.395,0.0,baseline_inprov
2030,qinghai,0.0,0.0,0.0,19777.8924442,0.0,19777.8924442,13692.387076753845,6085.505367446154,0.0,1.0,0.0,baseline_inprov
2030,shaanxi,25000.0,9102640.000100002,9102640.000100002,150277.937434,25000.0,125277.937434,81430.65933210001,43847.2781019,0.16635841845367128,0.8336415815463288,0.0,baseline_inprov
2030,shandong,546000.0,66806987.84011694,66806987.84011694,478526.63691,342648.11305725,154323.63876615002,59671.806989578006,94651.831776572,0.7160481499417436,0.3224974888810104,0.0,baseline_inprov
2030,shanghai,10000.0,100000.0,100000.0,193552.0684,10000.0,183552.0684,106716.3188372093,76835.74956279069,0.05166568398191296,0.948334316018087,0.0,baseline_inprov
2030,shanxi,140000.0,29426001.336410966,29426001.336410966,211063.147838,152084.86276709,67444.81110111001,31738.734635816476,35706.07646529354,0.7205656900550997,0.3195480205425382,0.0,baseline_inprov
2030,sichuan,390000.0,30486243.441844165,30486243.441844165,290477.4590191,175738.8627065555,114738.5963125445,89878.56711149319,24860.029201051308,0.605,0.39499999999999996,0.0,baseline_inprov
2030,tianjin,0.0,0.0,0.0,84002.47641,0.0,84002.47641,35001.031837500006,49001.444572500004,0.0,1.0,0.0,baseline_inprov
2030,tibet,0.0,0.0,0.0,6341.6986185000005,0.0,6341.6986185000005,5284.74884875,1056.94976975,0.0,1.0,0.0,baseline_inprov
2030,xinjiang,0.0,0.0,0.0,84985.34122,0.0,84985.34122,58147.86504526316,26837.476174736843,0.0,1.0,0.0,baseline_inprov
2030,yunnan,30000.0,1664510.0,1664510.0,148025.0068553,30000.0,118025.0068553,102609.49575583225,15415.511099467756,0.2026684587782261,0.797331541221774,0.0,baseline_inprov
2030,zhejiang,200000.0,34277578.8138261,34277578.8138261,497519.299571,265894.438698,254497.310669,184148.460565374,70348.85010362601,0.534440450706686,0.5115325393174646,0.0,baseline_inprov
